Building Type,Location,Building Occupancy,Ramp Slope (Average),Ramp Length,Ramp Width (Min),Ramp Width (Max),Handrail Height (Min),Landing Dimensions (Min),Landing Dimensions (Max),Elevator Door Width,Cab Size,Braille Signage,Emergency Button,Inside the cab,Outside the cab,Accessible Toilet Dimensions,Grab Bar Placement,Transfer Space,Signage Font Size,Signage Contrast,Signage Height,Braille Dot Size,Parking Spaces (of 150 car),Parking Size,Parking Location,Climate Zone,Seismic Zone,Topography,Natural Disaster Risk,Cultural Norms,Disability Rights Awareness,Local Building Traditions
Residential,Iraq,120,01:20,8 m,0.8 m,1.2 m,0.6 m,1.2 m x 1.2 m,1.2 m x 1.2 m,0.8 m,1.2 m x 1.5 m,1,1,1,0,1.5 m x 2.2 m,Beside the toilet and near the sink,1.2 m,24 pt,03:01,1.5 m,6 dots/line,5,2.5 m x 5 m,Near entrance,Arid,Moderate,Flatland,Moderate,Islam,Moderate,Local Iraqi Building Code
Commercial/ Residential/ Public,Jordan,100,01:12,7 m,0.9 m,1.2 m,0.9 m,Ramp width x  1.2 m,Ramp width x  1.5 m,0.8 m,1.2 x 1.4,1,1,1,0,1.6 m x 2.4 m,Beside the toilet and near the sink,1.2 m,22 pt,03:05,1.5 m,7 dots/line,2,3.5 m  x 5 m,Near entrance,Arid,Moderate,Hilly,Low,Islam,Moderate,Jordanian Building Code
Public,Lebanon,170,01:12,6 m,0.6 m,0.9 m,0.4 m,Ramp width x  1.2 m,Ramp width x  1.4 m,0.7 m,1 m x  1.3 m,1,1,1,0,1.5 m x  1.5 m,On the wall behind the water closet,1.3 m,22 pt,03:05,1.4 m,6 dots/line,3,3.6 m  x 4,Near entrance,Mediterranean,Moderate,Mountainous,Moderate,"Christianity, Islam, Druze",Moderate,Lebanese Building Code
Commercial,Saudi Arabia,120,01:12,7 m,0.6 m,0.9 m,0.9 m,1.2 m x 1.2 m,1.5 m x 1.5 m,0.9m,1.4 m x 1.5 m,1,1,1,0,1.5 m x 2.2 m,Beside the toilet and near the sink,1.2 m,1.2 m,03:05,1.3 m,6 dots/line,5,2.4 m x 5 m,Near entrance,Arid,Moderate,Desert,Low,Islam,Moderate,Saudi Building Code
Public,India,160,01:12,6 m,0.8 m,1.2 m,0.7 m,1.5 m x 1.5 m,1.5 m x 1.5 m,0.8 m,1.5 m x 1.5 m,1,1,1,0,1.5 m x 2.1 m,Beside the toilet and near the sink,1.2 m,24 pt,04:01,1.2 m,6 dots/line,4,3.6 m x 5m,,Tropical,High,"Varies (plains, plateaus, mountains)","High (monsoons, earthquakes)","Hinduism, Islam, Christianity, Sikhism",Moderate,Building Codes of India (BCI) & Accessible India Standards (AIS) |
